model,N,fm,d,plo_M,plo_m,pli_M,pli_m,EMM,EMm,EmM,Emm,hMM,hmm
DPAH,1000,0.3,0.03,2.5,2.5,2.538833254595264,4.034725837739818,0.6853853853853854,0.014647981314647982,0.2821488154821488,0.017817817817817817,0.8,0.4