model,N,fm,d,plo_M,plo_m,pli_M,pli_m,EMM,EMm,EmM,Emm,hMM,hmm
DPAH,1000,0.3,0.03,2.5,2.5,2.594080065833353,2.2365957493333974,0.7006673340006674,0.0,0.2981648314981648,0.0011678345011678344,1.0,0.1