model,N,fm,d,plo_M,plo_m,pli_M,pli_m,EMM,EMm,EmM,Emm,hMM,hmm
DPAH,1000,0.3,0.03,2.5,2.5,4.327636737668911,2.2017689959556006,0.0,0.6897230563897231,0.036936936936936934,0.27334000667334,0.0,0.6