model,N,fm,d,plo_M,plo_m,pli_M,pli_m,EMM,EMm,EmM,Emm,hMM,hmm
DPAH,1000,0.3,0.03,2.5,2.5,2.945015690922605,3.4504854040092168,0.6130797464130797,0.0958958958958959,0.29102435769102436,0.0,0.5,0.0