model,N,fm,d,plo_M,plo_m,pli_M,pli_m,EMM,EMm,EmM,Emm,hMM,hmm
DPAH,1000,0.3,0.03,2.5,2.5,2.5381263641214806,3.5823775335752814,0.6385051718385052,0.05895895895895896,0.2284617951284618,0.07407407407407407,0.7,0.6