model,N,fm,d,plo_M,plo_m,pli_M,pli_m,EMM,EMm,EmM,Emm,hMM,hmm
DPAH,1000,0.3,0.03,2.5,2.5,2.8692437903234707,2.96968035139243,0.16700033366700034,0.5191524858191525,0.3138471805138472,0.0,0.2,0.0