model,N,fm,d,plo_M,plo_m,pli_M,pli_m,EMM,EMm,EmM,Emm,hMM,hmm
DPAH,1000,0.3,0.03,2.5,2.5,3.626399301573897,2.650333219449551,0.49205872539205875,0.20814147480814146,0.21084417751084417,0.08895562228895562,0.5,0.5