model,N,fm,d,plo_M,plo_m,pli_M,pli_m,EMM,EMm,EmM,Emm,hMM,hmm
DPAH,1000,0.3,0.03,2.5,2.5,4.934978602682974,2.6092837891192118,0.12469135802469136,0.5495495495495496,0.24107440774107441,0.08468468468468468,0.2,0.2