model,N,fm,d,plo_M,plo_m,pli_M,pli_m,EMM,EMm,EmM,Emm,hMM,hmm
DPAH,1000,0.3,0.03,2.5,2.5,2.6652106950826795,4.617919337395736,0.3706039372706039,0.32866199532866197,0.21054387721054388,0.09019019019019019,0.4,0.4