model,N,fm,d,plo_M,plo_m,pli_M,pli_m,EMM,EMm,EmM,Emm,hMM,hmm
DPAH,1000,0.3,0.03,2.5,2.5,2.9348215018498935,2.2910732017101707,0.5683016349683017,0.1311644978311645,0.20136803470136805,0.09916583249916583,0.6,0.6