model,N,fm,d,plo_M,plo_m,pli_M,pli_m,EMM,EMm,EmM,Emm,hMM,hmm
DPAH,1000,0.3,0.03,2.5,2.5,3.846154632013915,2.96564903223463,0.0,0.6824824824824824,0.06106106106106106,0.2564564564564565,0.0,0.5