model,N,fm,d,plo_M,plo_m,pli_M,pli_m,EMM,EMm,EmM,Emm,hMM,hmm
DPAH,1000,0.3,0.03,2.5,2.5,2.502540232833944,3.467473972681495,0.5638972305638972,0.1398732065398732,0.2647313980647314,0.031498164831498164,0.5,0.3