model,N,fm,d,plo_M,plo_m,pli_M,pli_m,EMM,EMm,EmM,Emm,hMM,hmm
DPAH,1000,0.3,0.03,2.5,2.5,2.844912416479727,3.2960731947630437,0.6910243576910243,0.006072739406072739,0.27967967967967966,0.023223223223223222,0.9,0.5