model,N,fm,d,plo_M,plo_m,pli_M,pli_m,EMM,EMm,EmM,Emm,hMM,hmm
DPAH,1000,0.3,0.03,2.5,2.5,2.8392208534370855,2.3732389249567634,0.577344010677344,0.12665999332666,0.2771438104771438,0.018852185518852184,0.5,0.2