model,N,fm,d,plo_M,plo_m,pli_M,pli_m,EMM,EMm,EmM,Emm,hMM,hmm
DPAH,1000,0.3,0.03,2.5,2.5,4.169116481872945,2.240937947356128,0.21461461461461462,0.4901234567901235,0.07147147147147147,0.22379045712379045,0.4,0.7