model,N,fm,d,plo_M,plo_m,pli_M,pli_m,EMM,EMm,EmM,Emm,hMM,hmm
DPAH,1000,0.3,0.03,2.5,2.5,3.3488507808916683,2.9779630606457586,0.08465131798465132,0.6184184184184184,0.026559893226559893,0.27037037037037037,0.3,0.8