model,N,fm,d,plo_M,plo_m,pli_M,pli_m,EMM,EMm,EmM,Emm,hMM,hmm
DPAH,1000,0.3,0.03,2.5,2.5,2.9449381623864648,2.702881281653002,0.4837837837837838,0.22749416082749416,0.28872205538872203,0.0,0.4,0.0