model,N,fm,d,plo_M,plo_m,pli_M,pli_m,EMM,EMm,EmM,Emm,hMM,hmm
DPAH,1000,0.3,0.03,2.5,2.5,3.0002917294646987,2.4495086868885743,0.6459459459459459,0.051618284951618285,0.14327660994327662,0.15915915915915915,0.8,0.8