model,N,fm,d,plo_M,plo_m,pli_M,pli_m,EMM,EMm,EmM,Emm,hMM,hmm
DPAH,1000,0.3,0.03,2.5,2.5,3.2103527476211666,3.8562074737714234,0.6953286619953286,0.0,0.26549883216549885,0.039172505839172506,1.0,0.6