model,N,fm,d,plo_M,plo_m,pli_M,pli_m,EMM,EMm,EmM,Emm,hMM,hmm
DPAH,1000,0.3,0.03,2.5,2.5,5.846178783481988,4.301598589067421,3.33667000333667e-05,0.6653653653653654,0.33460126793460127,0.0,0.0,0.0