model,N,fm,d,plo_M,plo_m,pli_M,pli_m,EMM,EMm,EmM,Emm,hMM,hmm
DPAH,1000,0.3,0.03,2.5,2.5,2.375139388185982,3.267036311991318,0.6988321654988322,0.003003003003003003,0.29666332999666334,0.0015015015015015015,0.9,0.1