model,N,fm,d,plo_M,plo_m,pli_M,pli_m,EMM,EMm,EmM,Emm,hMM,hmm
DPAH,1000,0.3,0.03,2.5,2.5,3.2048631082563928,2.2598013076535297,0.15368702035368703,0.5625959292625959,0.01628294961628295,0.2674341007674341,0.4,0.9